ts,ec2,nodes_total,mng,karpenter,empty_worker,pods_user,pods_product,pods_stress,pods_pause,pending
1786846245,3,3,1,2,1,1,1,1,0,0
1786846262,4,3,1,2,0,1,1,2,0,1
1786846280,4,4,1,3,1,1,1,2,0,0
1786846297,4,4,1,3,1,1,1,2,0,1
1786846315,4,4,1,3,0,1,1,3,0,0
1786846333,4,4,1,3,2,1,1,1,0,0
1786846350,4,4,1,3,0,1,1,3,0,3
1786846368,4,4,1,3,0,1,1,3,0,3
1786846385,4,4,1,3,0,1,1,3,0,0
1786846402,4,4,1,3,0,1,1,3,0,0
1786846420,4,4,1,3,0,1,1,3,0,0
1786846437,4,4,1,3,0,1,1,3,0,0
1786846455,4,4,1,3,1,1,1,2,0,0
1786846472,4,3,1,2,0,1,1,3,0,0
1786846490,3,3,1,2,0,1,1,2,0,0
1786846507,4,3,1,2,0,1,1,2,0,1
1786846525,4,3,1,2,0,1,1,2,0,1
1786846543,4,4,1,3,2,1,1,1,0,0
1786846560,4,4,1,3,0,1,1,3,0,0
1786846578,4,4,1,3,0,1,1,3,0,1
1786846595,4,4,1,3,0,1,1,3,0,1
1786846612,4,4,1,3,0,1,1,3,0,1
1786846630,4,4,1,3,2,1,1,1,0,0
1786846647,4,4,1,3,0,1,1,3,0,0
1786846665,5,4,1,3,0,1,1,3,0,1
1786846683,5,5,1,4,1,1,1,3,0,1
1786846700,5,5,1,4,3,1,1,1,0,0
1786846718,4,4,1,3,1,1,1,2,0,0
1786846735,4,4,1,3,1,1,1,2,0,0
1786846752,3,3,1,2,0,1,1,2,0,0
1786846770,3,3,1,2,1,1,1,1,0,0
1786846787,3,3,1,2,0,1,1,2,0,1
1786846805,4,3,1,2,0,1,1,2,0,1
1786846823,4,4,1,3,1,1,1,2,0,1
1786846840,4,4,1,3,2,1,1,1,0,0
1786846858,5,4,1,3,0,1,1,3,0,1
1786846875,5,4,1,3,0,1,1,3,0,1
1786846893,5,5,1,4,2,1,1,2,0,2
1786846910,5,5,1,4,0,1,1,4,0,0
1786846928,5,5,1,4,0,1,1,4,0,0
1786846945,5,5,1,4,2,1,1,2,0,0
1786846963,5,5,1,4,1,1,1,3,0,0
1786846980,4,4,1,3,0,1,1,3,0,0
1786846998,4,4,1,3,0,1,1,3,0,0
1786847015,4,4,1,3,0,1,1,3,0,0
1786847033,4,4,1,3,0,1,1,3,0,0
1786847050,4,4,1,3,2,1,1,1,0,0
1786847068,4,4,1,3,0,2,1,2,0,0
1786847085,4,4,1,3,0,2,1,2,0,0
1786847103,6,4,1,3,0,1,1,3,0,3
1786847120,7,5,1,4,1,1,1,3,0,3
1786847138,7,7,1,6,3,1,1,3,0,1
1786847155,7,7,1,6,4,1,1,2,0,0
1786847173,7,7,1,6,4,1,1,2,0,0
1786847190,6,6,1,5,0,1,1,5,0,0
1786847208,7,6,1,5,0,1,1,5,0,8
1786847226,8,7,1,6,1,1,1,5,0,8
1786847243,8,7,1,6,3,1,1,3,0,0
1786847261,8,8,1,7,6,1,1,1,0,0
1786847278,9,7,1,6,0,4,1,3,0,2
1786847296,10,7,1,6,0,4,1,3,0,7
1786847314,10,10,1,9,1,4,1,5,0,0
1786847331,10,10,1,9,6,1,1,3,0,0
1786847349,10,10,1,9,5,2,1,3,0,1
1786847366,6,6,1,5,1,2,1,3,0,0
1786847384,6,5,1,4,0,3,1,3,0,0
1786847401,10,5,1,4,0,2,1,3,0,5
1786847419,10,5,1,4,0,1,1,4,0,4
1786847437,10,10,1,9,3,2,1,5,0,3
1786847454,10,10,1,9,0,2,1,8,0,0
1786847471,10,10,1,9,2,3,1,6,0,0
1786847489,9,9,1,8,1,3,1,6,0,1
1786847507,10,9,1,8,0,3,1,7,0,1
1786847524,10,10,1,9,1,1,1,8,0,0
1786847542,10,10,1,9,7,2,1,1,0,0
1786847559,10,10,1,9,2,3,1,5,0,0
1786847577,8,8,1,7,0,3,1,5,0,0
1786847594,9,8,1,7,0,1,1,7,0,1
1786847612,10,8,1,7,0,1,1,7,0,2
1786847630,10,10,1,9,1,3,1,7,0,1
1786847647,10,10,1,9,7,3,1,1,0,0
1786847665,8,8,1,7,2,1,1,5,0,0
1786847682,7,7,1,6,1,1,1,5,0,0
1786847700,11,7,1,6,0,1,1,6,0,4
1786847717,11,10,1,9,3,1,1,6,0,7
1786847735,11,11,1,10,0,3,1,9,0,2
1786847753,11,11,1,10,0,3,1,9,0,2
1786847770,11,11,1,10,0,1,1,10,0,1
1786847788,11,11,1,10,0,1,1,10,0,1
1786847806,11,11,1,10,0,1,1,10,0,1
1786847823,11,11,1,10,0,1,1,10,0,3
1786847841,11,11,1,10,0,1,1,10,0,3
1786847859,11,11,1,10,0,1,1,10,0,3
1786847876,11,11,1,10,0,1,1,10,0,3
1786847894,11,11,1,10,0,1,1,10,0,3
1786847912,13,11,1,10,0,1,1,10,0,3
1786847929,13,11,1,10,0,1,1,10,0,3
1786847947,13,13,1,12,0,3,1,11,0,0
1786847965,13,13,1,12,11,1,1,1,0,0
1786847982,13,13,1,12,10,1,1,2,0,0
1786848000,13,13,1,12,7,2,1,4,0,0
1786848018,6,6,1,5,0,2,1,4,0,0
1786848035,10,6,1,5,0,3,1,4,0,4
1786848053,10,6,1,5,0,3,1,4,0,4
1786848071,10,10,1,9,1,1,1,8,0,0
1786848089,10,10,1,9,6,2,1,2,0,0
1786848106,10,10,1,9,5,2,1,3,0,0
1786848124,10,10,1,9,6,1,1,3,0,0
1786848142,10,10,1,9,8,1,1,1,0,0
1786848159,4,4,1,3,1,1,1,2,0,0
1786848177,4,4,1,3,0,1,1,3,0,0
1786848195,4,4,1,3,0,1,1,3,0,2
1786848212,6,4,1,3,0,1,1,3,0,2
1786848230,6,6,1,5,0,1,1,5,0,0
1786848247,6,6,1,5,4,1,1,1,0,0
1786848265,6,6,1,5,2,1,1,3,0,0
1786848282,6,6,1,5,2,1,1,3,0,0
1786848300,4,4,1,3,1,1,1,2,0,0
1786848318,4,4,1,3,1,1,1,2,0,0
1786848335,4,4,1,3,0,1,1,3,0,0
1786848353,4,4,1,3,0,1,1,3,0,0
1786848371,4,4,1,3,1,1,1,2,0,0
1786848388,4,3,1,2,1,1,1,2,0,2
1786848406,4,3,1,2,0,1,1,2,0,1
1786848424,4,4,1,3,1,1,1,2,0,1
1786848441,4,4,1,3,1,1,1,2,0,0
1786848459,4,4,1,3,2,1,1,1,0,0
1786848476,3,3,1,2,0,1,1,2,0,0
1786848494,3,3,1,2,0,1,1,2,0,0
1786848511,3,3,1,2,0,1,1,2,0,0
1786848529,3,3,1,2,0,1,1,2,0,0
1786848546,3,3,1,2,0,1,1,2,0,0
1786848564,4,3,1,2,0,1,1,2,0,1
1786848581,4,3,1,2,0,1,1,2,0,1
1786848599,4,4,1,3,0,1,1,3,0,0
1786848616,4,4,1,3,1,1,1,2,0,0
1786848634,4,4,1,3,1,1,1,2,0,0
1786850820,2,2,1,1,0,1,1,1,0,0
1786850837,2,2,1,1,0,1,1,1,0,0
1786850854,2,2,1,1,0,1,1,1,0,0
1786850872,2,2,1,1,0,1,1,1,0,0
1786850889,2,2,1,1,0,1,1,1,0,0
1786850906,2,2,1,1,0,1,1,1,0,0
1786850924,2,2,1,1,0,1,1,1,0,0
1786850941,2,2,1,1,0,1,1,1,0,0
1786850959,2,2,1,1,0,1,1,1,0,0
1786850976,2,2,1,1,0,1,1,1,0,0
1786850993,2,2,1,1,0,1,1,1,0,0
1786851011,2,2,1,1,0,1,1,1,0,0
1786851028,2,2,1,1,0,1,1,1,0,0
1786851046,2,2,1,1,0,1,1,1,0,0
1786851063,2,2,1,1,0,1,1,1,0,0
1786851081,2,2,1,1,0,1,1,1,0,0
1786851098,2,2,1,1,0,1,1,1,0,0
1786851116,2,2,1,1,0,1,1,1,0,0
1786851133,2,2,1,1,0,1,1,1,0,0
1786851151,2,2,1,1,0,1,1,1,0,0
1786851168,2,2,1,1,0,1,1,1,0,0
1786851185,2,2,1,1,0,1,1,1,0,0
1786851203,2,2,1,1,0,1,1,1,0,0
1786851220,2,2,1,1,0,1,1,1,0,0
1786851237,2,2,1,1,0,1,1,1,0,0
1786851255,2,2,1,1,0,1,1,1,0,0
1786851272,2,2,1,1,0,1,1,1,0,0
1786851290,2,2,1,1,0,1,1,1,0,0
1786851307,2,2,1,1,0,1,1,1,0,0
1786851324,2,2,1,1,0,1,1,1,0,0
1786851342,2,2,1,1,0,1,1,1,0,0
1786851359,2,2,1,1,0,1,1,1,0,0
1786851376,2,2,1,1,0,1,1,1,0,0
1786851394,2,2,1,1,0,1,1,1,0,0
1786851411,2,2,1,1,0,1,1,1,0,0
1786851429,2,2,1,1,0,1,1,1,0,0
1786851446,2,2,1,1,0,1,1,1,0,0
1786851463,2,2,1,1,0,1,1,1,0,0
1786851481,2,2,1,1,0,1,1,1,0,0
1786851498,2,2,1,1,0,1,1,1,0,0
1786851515,2,2,1,1,0,1,1,1,0,0
1786851533,2,2,1,1,0,1,1,1,0,0
1786851550,2,2,1,1,0,1,1,1,0,0
1786851568,2,2,1,1,0,1,1,1,0,0
1786851585,2,2,1,1,0,1,1,1,0,0
1786851602,2,2,1,1,0,1,1,1,0,0
1786851620,2,2,1,1,0,1,1,1,0,0
1786851637,2,2,1,1,0,1,1,1,0,0
1786851654,2,2,1,1,0,1,1,1,0,0
1786851672,2,2,1,1,0,1,1,1,0,0
1786851689,2,2,1,1,0,1,1,1,0,0
1786851707,2,2,1,1,0,1,1,1,0,0
1786851724,2,2,1,1,0,1,1,1,0,0
1786851741,2,2,1,1,0,1,1,1,0,0
1786851759,2,2,1,1,0,1,1,1,0,0
1786851776,2,2,1,1,0,1,1,1,0,0
1786851794,2,2,1,1,0,1,1,1,0,0
1786851811,2,2,1,1,0,1,1,1,0,0
1786851829,2,2,1,1,0,1,1,1,0,0
1786851846,2,2,1,1,0,1,1,1,0,0
1786851864,2,2,1,1,0,1,1,1,0,0
1786851881,2,2,1,1,0,1,1,1,0,0
1786851899,2,2,1,1,0,1,1,1,0,0
1786851916,2,2,1,1,0,1,1,1,0,0
1786851934,2,2,1,1,0,1,1,1,0,0
1786851951,2,2,1,1,0,1,1,1,0,0
1786851968,2,2,1,1,0,1,1,1,0,0
1786851986,2,2,1,1,0,1,1,1,0,0
1786852004,2,2,1,1,0,1,1,1,0,0
1786852021,2,2,1,1,0,1,1,1,0,0
1786852038,2,2,1,1,0,1,1,1,0,2
1786852056,2,2,1,1,0,2,1,1,0,1
1786852073,2,2,1,1,0,2,1,1,0,1
1786852091,5,2,1,1,0,2,1,1,0,4
1786852108,5,2,1,1,0,2,1,1,0,4
1786852126,6,5,1,4,1,3,1,2,0,2
1786852143,6,5,1,4,0,4,1,3,0,1
1786852161,12,6,1,5,0,4,1,4,0,10
1786852178,12,6,1,5,0,4,1,4,0,10
1786852196,12,12,1,11,0,6,1,9,0,3
1786852214,12,12,1,11,0,4,1,10,0,2
1786852231,12,12,1,11,0,4,1,10,0,4
1786852249,12,12,1,11,0,4,1,10,0,4
1786852266,12,12,1,11,0,4,1,10,0,4
1786852284,12,12,1,11,0,4,1,10,0,4
1786852301,12,12,1,11,0,4,1,10,0,4
1786852319,12,12,1,11,0,4,1,10,0,4
1786852336,12,12,1,11,0,4,1,10,0,4
1786852354,12,12,1,11,0,4,1,10,0,4
1786852371,12,12,1,11,0,4,1,10,0,4
1786852389,12,12,1,11,0,4,1,10,0,4
1786852406,12,12,1,11,0,4,1,10,0,4
1786852424,12,12,1,11,0,4,1,10,0,4
1786852441,12,12,1,11,0,4,1,10,0,4
1786852459,12,12,1,11,0,4,1,10,0,4
1786852476,12,12,1,11,0,4,1,10,0,4
1786852494,12,12,1,11,0,4,1,10,0,4
1786852511,12,12,1,11,0,4,1,10,0,4
1786852529,12,12,1,11,0,4,1,10,0,4
1786852546,12,12,1,11,0,4,1,10,0,4
1786852564,12,12,1,11,0,4,1,10,0,4
1786852582,12,12,1,11,0,4,1,10,0,4
1786852599,12,12,1,11,0,4,1,10,0,4
1786852617,12,12,1,11,0,4,1,10,0,4
1786852635,12,12,1,11,0,4,1,10,0,4
1786852652,12,12,1,11,0,4,1,10,0,4
1786852670,12,12,1,11,0,4,1,10,0,4
1786852687,12,12,1,11,0,4,1,10,0,4
1786852705,12,12,1,11,0,4,1,10,0,4
1786852722,12,12,1,11,0,4,1,10,0,4
1786852740,12,12,1,11,0,4,1,10,0,4
1786852757,12,12,1,11,0,4,1,10,0,4
1786852775,12,12,1,11,0,4,1,10,0,4
1786852792,12,12,1,11,0,4,1,10,0,4
1786852810,12,12,1,11,0,4,1,10,0,4
1786852827,12,12,1,11,0,4,1,10,0,4
1786852845,12,12,1,11,0,4,1,10,0,4
1786852863,12,12,1,11,0,4,1,10,0,4
1786852880,12,12,1,11,0,4,1,10,0,4
1786852898,12,12,1,11,10,1,1,1,0,0
1786852916,11,11,1,10,8,1,1,1,0,5
1786852933,9,9,1,8,3,4,1,1,0,0
1786852950,8,8,1,7,0,6,1,1,0,0
1786852968,7,7,1,6,0,6,1,1,0,0
1786852985,7,7,1,6,4,1,1,1,0,0
1786853003,3,3,1,2,0,1,1,1,0,0
1786853020,3,2,1,1,0,1,2,1,0,0
1786853038,2,2,1,1,0,1,1,1,0,0
1786853055,2,2,1,1,0,1,1,1,0,0
1786853072,2,2,1,1,0,1,1,1,0,0
1786853090,2,2,1,1,0,1,1,1,0,0
1786853107,2,2,1,1,0,1,1,1,0,0
1786853124,2,2,1,1,0,1,1,1,0,0
1786853142,2,2,1,1,0,1,1,1,0,0
1786853159,2,2,1,1,0,1,1,1,0,0
1786853177,2,2,1,1,0,1,1,1,0,0
1786853194,2,2,1,1,0,1,1,1,0,0
1786853212,2,2,1,1,0,1,1,1,0,0
1786853229,2,2,1,1,0,1,1,1,0,0
1786853246,2,2,1,1,0,1,1,1,0,0
1786853264,2,2,1,1,0,1,1,1,0,0
1786853281,2,2,1,1,0,1,1,1,0,0
1786853298,2,2,1,1,0,1,1,1,0,0
1786853316,2,2,1,1,0,1,1,1,0,0
1786853333,2,2,1,1,0,1,1,1,0,0
1786853351,2,2,1,1,0,1,1,1,0,0
1786853368,2,2,1,1,0,1,1,1,0,0
1786853385,2,2,1,1,0,1,1,1,0,0
1786853403,2,2,1,1,0,1,1,1,0,0
1786853420,2,2,1,1,0,1,1,1,0,0
1786853437,2,2,1,1,0,1,1,1,0,0
1786853455,2,2,1,1,0,1,1,1,0,0
1786853472,2,2,1,1,0,1,1,1,0,0
1786853490,2,2,1,1,0,1,1,1,0,0
1786853507,2,2,1,1,0,1,1,1,0,0
1786853524,2,2,1,1,0,1,1,1,0,0
1786853542,2,2,1,1,0,1,1,1,0,0
1786853559,2,2,1,1,0,1,1,1,0,0
1786853576,2,2,1,1,0,1,1,1,0,0
1786853594,2,2,1,1,0,1,1,1,0,0
1786853611,2,2,1,1,0,1,1,1,0,0
1786853628,2,2,1,1,0,1,1,1,0,0
1786853646,2,2,1,1,0,1,1,1,0,0
1786853663,2,2,1,1,0,1,1,1,0,0
1786853680,2,2,1,1,0,1,1,1,0,0
1786853698,2,2,1,1,0,1,1,1,0,0
1786853716,2,2,1,1,0,1,1,1,0,0
1786853733,2,2,1,1,0,1,1,1,0,0
1786853751,2,2,1,1,0,1,1,1,0,0
1786853768,2,2,1,1,0,1,1,1,0,0
1786853786,2,2,1,1,0,1,1,1,0,0
1786853803,2,2,1,1,0,1,1,1,0,0
1786853821,2,2,1,1,0,1,1,1,0,0
1786853838,2,2,1,1,0,1,1,1,0,0
1786853856,2,2,1,1,0,1,1,1,0,0
1786853873,2,2,1,1,0,1,1,1,0,0
1786853890,2,2,1,1,0,1,1,1,0,0
1786853908,2,2,1,1,0,1,1,1,0,0
1786853925,2,2,1,1,0,1,1,1,0,0
1786853943,2,2,1,1,0,1,1,1,0,0
1786853960,2,2,1,1,0,1,1,1,0,0
1786853977,2,2,1,1,0,1,1,1,0,0
1786853995,2,2,1,1,0,1,1,1,0,0
1786854012,2,2,1,1,0,1,1,1,0,0
1786854029,2,2,1,1,0,1,1,1,0,0
1786854047,2,2,1,1,0,1,1,1,0,0
1786854064,2,2,1,1,0,1,1,1,0,0
1786854082,2,2,1,1,0,1,1,1,0,0
1786854099,2,2,1,1,0,1,1,1,0,1
1786854117,3,2,1,1,0,1,1,1,0,1
1786854134,3,3,1,2,0,1,1,2,0,0
1786854152,3,3,1,2,0,1,1,2,0,0
1786854169,3,3,1,2,0,1,1,2,0,0
1786854186,3,3,1,2,0,1,1,2,0,0
1786854204,3,3,1,2,0,1,1,2,0,0
1786854221,4,3,1,2,0,1,1,2,0,0
1786854239,4,3,1,2,0,1,1,2,0,0
1786854256,4,4,1,3,1,1,1,2,0,0
1786854274,4,4,1,3,1,1,1,2,0,0
1786854291,4,4,1,3,1,1,1,2,0,0
1786854309,3,3,1,2,0,1,1,2,0,0
1786854326,3,3,1,2,0,1,1,2,0,0
1786854344,3,3,1,2,0,1,1,2,0,0
1786854361,4,3,1,2,0,1,1,2,0,0
1786854379,4,3,1,2,0,1,1,2,0,0
1786854396,4,4,1,3,1,1,1,2,0,0
1786854414,4,4,1,3,1,1,1,2,0,0
1786854431,3,3,1,2,0,1,1,2,0,0
1786854449,3,3,1,2,0,1,1,2,0,0
1786854466,3,3,1,2,0,1,1,2,0,0
1786854484,3,3,1,2,1,1,1,1,0,0
1786854501,3,3,1,2,0,1,1,2,0,0
1786854519,3,3,1,2,0,1,1,2,0,0
1786854537,4,3,1,2,0,1,1,2,0,0
1786854554,4,3,1,2,0,1,1,2,0,0
1786854572,4,4,1,3,1,1,1,2,0,0
1786854589,4,4,1,3,1,1,1,2,0,0
1786854607,4,4,1,3,1,1,1,2,0,0
1786854625,3,3,1,2,0,2,2,3,0,0
1786854643,3,3,1,2,0,2,2,4,0,0
1786854660,3,3,1,2,1,1,1,1,0,0
1786854678,3,3,1,2,1,1,1,1,0,2
1786854696,2,2,1,1,0,1,1,1,0,0
1786854713,2,2,1,1,0,5,1,1,0,0
1786854731,2,2,1,1,0,7,1,1,0,0
1786854749,2,2,1,1,0,7,1,1,0,0
1786854766,2,2,1,1,0,1,1,1,0,0
1786854784,2,2,1,1,0,1,1,1,0,0
1786854802,2,2,1,1,0,1,1,1,0,0
1786854819,2,2,1,1,0,1,1,1,0,0
1786854837,2,2,1,1,0,1,1,9,0,1
1786854854,2,2,1,1,0,1,1,10,0,0
1786854872,2,2,1,1,0,1,1,10,0,0
1786854889,2,2,1,1,0,1,1,1,0,0
1786854907,2,2,1,1,0,1,1,1,0,0
1786854924,2,2,1,1,0,1,1,1,0,0
1786854941,2,2,1,1,0,1,1,1,0,0
1786854959,2,2,1,1,0,1,1,1,0,0
1786854976,2,2,1,1,0,1,1,1,0,0
1786854994,2,2,1,1,0,1,1,1,0,0
1786855012,2,2,1,1,0,1,1,1,0,0
1786855029,2,2,1,1,0,1,1,1,0,0
1786855047,2,2,1,1,0,1,1,1,0,0
1786855064,2,2,1,1,0,1,1,1,0,0
1786855082,2,2,1,1,0,1,1,1,0,0
1786855099,2,2,1,1,0,1,1,1,0,0
1786855117,2,2,1,1,0,1,1,1,0,0
1786855134,2,2,1,1,0,1,1,1,0,0
1786855151,2,2,1,1,0,1,1,1,0,0
1786855169,2,2,1,1,0,1,1,1,0,0
1786855186,2,2,1,1,0,1,1,1,0,0
1786855204,2,2,1,1,0,1,1,1,0,0
1786855221,2,2,1,1,0,1,1,1,0,0
1786855239,2,2,1,1,0,1,1,1,0,0
1786855256,2,2,1,1,0,1,1,1,0,0
1786855274,2,2,1,1,0,1,1,1,0,0
1786855291,2,2,1,1,0,1,1,1,0,0
1786855309,2,2,1,1,0,1,1,1,0,0
1786855326,2,2,1,1,0,4,1,1,0,0
1786855344,2,2,1,1,0,4,1,1,0,3
1786855361,2,2,1,1,0,7,1,1,0,0
1786855379,2,2,1,1,0,7,1,1,0,0
1786855397,2,2,1,1,0,1,1,1,0,0
1786855414,2,2,1,1,0,1,1,1,0,0
1786855432,2,2,1,1,0,1,1,1,0,0
1786855449,2,2,1,1,0,1,1,2,0,0
1786855467,2,2,1,1,0,1,1,2,0,0
1786855484,2,2,1,1,0,1,1,1,0,0
1786855502,2,2,1,1,0,1,1,1,0,0
1786855519,2,2,1,1,0,1,1,1,0,0
1786855536,2,2,1,1,0,1,1,1,0,0
1786855554,2,2,1,1,0,1,1,1,0,0
1786855571,2,2,1,1,0,1,1,1,0,0
1786855589,2,2,1,1,0,1,1,1,0,0
1786855606,2,2,1,1,0,1,1,1,0,0
1786855623,2,2,1,1,0,1,1,1,0,0
1786855641,2,2,1,1,0,1,1,1,0,0
1786855658,2,2,1,1,0,1,1,1,0,0
1786855676,2,2,1,1,0,1,1,1,0,0
1786855693,2,2,1,1,0,1,1,1,0,0
1786855711,2,2,1,1,0,1,1,1,0,0
1786855728,2,2,1,1,0,1,1,1,0,0
1786855746,2,2,1,1,0,1,1,1,0,0
1786855763,2,2,1,1,0,1,1,1,0,0
1786855781,2,2,1,1,0,1,1,1,0,0
1786855798,2,2,1,1,0,1,1,1,0,0
1786855816,2,2,1,1,0,1,1,1,0,0
1786855833,2,2,1,1,0,1,1,1,0,0
1786855851,2,2,1,1,0,1,1,1,0,0
1786855868,2,2,1,1,0,1,1,1,0,0
1786855886,2,2,1,1,0,1,1,1,0,0
1786855903,2,2,1,1,0,1,1,1,0,0
1786855921,2,2,1,1,0,1,1,1,0,0
1786855938,2,2,1,1,0,1,1,1,0,0
1786855956,2,2,1,1,0,1,1,1,0,0
1786855973,2,2,1,1,0,1,1,1,0,0
1786855991,2,2,1,1,0,1,1,1,0,0
1786856008,2,2,1,1,0,1,1,1,0,0
1786856025,2,2,1,1,0,1,1,1,0,0
1786856043,2,2,1,1,0,1,1,1,0,0
1786856060,2,2,1,1,0,1,1,1,0,0
1786856078,2,2,1,1,0,1,1,1,0,0
1786856095,2,2,1,1,0,1,1,1,0,0
1786856112,2,2,1,1,0,1,1,1,0,0
1786856130,2,2,1,1,0,1,1,1,0,0
1786856147,2,2,1,1,0,1,1,1,0,0
1786856164,2,2,1,1,0,1,1,1,0,0
1786856182,2,2,1,1,0,1,1,1,0,0
1786856199,2,2,1,1,0,1,1,1,0,0
1786856217,2,2,1,1,0,1,1,1,0,0
1786856234,2,2,1,1,0,1,1,1,0,0
1786856252,2,2,1,1,0,1,1,1,0,0
1786856269,2,2,1,1,0,1,1,2,0,0
1786856286,2,2,1,1,0,1,1,2,0,0
1786856304,2,2,1,1,0,1,1,1,0,0
1786856321,2,2,1,1,0,1,1,2,0,0
1786856339,2,2,1,1,0,1,1,2,0,0
1786856356,2,2,1,1,0,1,1,1,0,0
1786856374,2,2,1,1,0,1,1,1,0,0
1786856391,2,2,1,1,0,1,1,1,0,0
1786856408,2,2,1,1,0,1,1,1,0,0
1786856426,2,2,1,1,0,4,1,1,0,0
1786856443,2,2,1,1,0,5,1,1,0,0
1786856461,2,2,1,1,0,6,1,1,0,0
1786856478,2,2,1,1,0,6,1,1,0,0
1786856496,2,2,1,1,0,1,1,1,0,0
1786856513,2,2,1,1,0,1,1,1,0,0
1786856531,2,2,1,1,0,1,1,2,0,0
1786856548,2,2,1,1,0,1,1,2,0,0
1786856566,2,2,1,1,0,1,1,1,0,0
1786856583,2,2,1,1,0,1,1,1,0,0
1786856600,2,2,1,1,0,1,1,1,0,0
1786856618,2,2,1,1,0,1,1,2,0,0
1786856635,2,2,1,1,0,1,1,2,0,0
1786856653,2,2,1,1,0,1,1,2,0,0
1786856671,2,2,1,1,0,1,1,1,0,0
1786856688,2,2,1,1,0,1,1,1,0,0
1786856706,2,2,1,1,0,1,1,1,0,0
1786856723,2,2,1,1,0,1,1,1,0,0
1786856741,2,2,1,1,0,1,1,1,0,0
1786856758,2,2,1,1,0,1,1,2,0,0
1786856776,2,2,1,1,0,1,1,2,0,0
1786856793,2,2,1,1,0,1,1,2,0,0
1786856811,2,2,1,1,0,1,1,1,0,0
1786856828,2,2,1,1,0,1,1,2,0,0
1786856846,2,2,1,1,0,1,1,2,0,0
1786856864,2,2,1,1,0,1,1,1,0,0
1786856881,2,2,1,1,0,1,1,1,0,0
1786856899,2,2,1,1,0,1,1,1,0,0
1786856916,2,2,1,1,0,1,1,1,0,0
1786856934,2,2,1,1,0,1,1,1,0,0
1786856951,2,2,1,1,0,1,1,1,0,0
1786856969,2,2,1,1,0,1,1,1,0,0
1786856986,2,2,1,1,0,1,1,1,0,0
1786857003,2,2,1,1,0,1,1,1,0,0
1786857021,2,2,1,1,0,1,1,1,0,0
1786857038,2,2,1,1,0,1,1,1,0,0
1786857056,2,2,1,1,0,1,1,1,0,0
1786857074,2,2,1,1,0,1,1,1,0,0
1786857091,2,2,1,1,0,1,1,1,0,0
1786857109,2,2,1,1,0,1,1,1,0,0
1786857126,2,2,1,1,0,1,1,1,0,0
1786857144,2,2,1,1,0,1,1,1,0,0
1786857161,2,2,1,1,0,1,1,1,0,0
1786857179,2,2,1,1,0,1,1,1,0,0
1786857197,2,2,1,1,0,1,1,1,0,0
1786857214,2,2,1,1,0,1,1,1,0,0
1786857231,2,2,1,1,0,1,1,1,0,0
1786857249,2,2,1,1,0,4,1,1,0,0
1786857266,2,2,1,1,0,6,1,2,0,0
1786857284,3,2,1,1,0,8,1,2,0,2
1786857301,4,2,1,1,0,8,8,1,0,39
1786857319,5,3,1,2,1,8,13,1,0,35
1786857337,5,4,1,3,1,6,2,2,0,0
1786857354,5,5,1,4,2,4,2,4,0,6
1786857371,5,5,1,4,0,4,2,10,0,9
1786857389,5,5,1,4,0,4,2,19,0,0
1786857406,5,5,1,4,0,6,2,19,0,0
1786857424,5,5,1,4,0,6,2,19,0,0
1786857441,5,5,1,4,3,6,1,1,0,0
1786857459,5,5,1,4,2,6,1,2,0,0
1786857477,3,3,1,2,0,4,1,2,0,0
1786857494,3,3,1,2,1,4,1,1,0,0
1786857512,2,2,1,1,0,4,1,1,0,0
1786857529,2,2,1,1,0,6,1,1,0,0
1786857546,2,2,1,1,0,6,1,2,0,0
1786857564,2,2,1,1,0,4,1,2,0,0
1786857581,2,2,1,1,0,4,1,2,0,3
1786857599,2,2,1,1,0,6,1,3,0,0
1786857616,2,2,1,1,0,6,1,4,0,0
1786857634,7,2,1,1,0,4,1,9,0,10
1786857651,7,2,1,1,0,4,1,14,0,5
1786857669,7,7,1,6,5,4,1,3,0,0
1786857686,7,7,1,6,0,4,1,19,0,0
1786857704,7,7,1,6,0,6,1,19,0,0
1786857721,7,7,1,6,0,6,1,19,0,0
1786857739,7,7,1,6,0,6,1,19,0,0
1786857756,7,7,1,6,5,4,1,1,0,0
1786857774,7,7,1,6,3,6,1,1,0,0
1786857791,4,4,1,3,0,6,1,1,0,0
1786857809,4,2,1,1,0,8,1,5,0,0
1786857827,7,2,1,1,0,6,1,14,0,5
1786857844,7,2,1,1,0,6,1,14,0,5
1786857862,7,6,1,5,4,6,1,4,0,0
1786857880,7,7,1,6,0,4,1,19,0,0
1786857898,7,7,1,6,0,5,1,19,0,1
1786857915,7,7,1,6,0,6,1,19,0,0
1786857933,7,7,1,6,4,6,1,1,0,0
1786857950,3,3,1,2,0,6,1,1,0,0
1786857968,3,2,1,1,0,4,1,1,0,0
1786857985,2,2,1,1,0,4,1,1,0,0
1786858003,2,2,1,1,0,6,1,1,0,0
1786858020,2,2,1,1,0,6,1,1,0,0
1786858038,2,2,1,1,0,4,1,1,0,0
1786858055,2,2,1,1,0,4,1,1,0,0
1786858073,2,2,1,1,0,4,1,3,0,0
1786858091,2,2,1,1,0,4,1,3,0,0
1786858108,2,2,1,1,0,6,1,4,0,0
1786858126,2,2,1,1,0,6,1,4,0,0
1786858144,7,2,1,1,0,4,1,9,0,10
1786858161,7,2,1,1,0,4,1,14,0,5
1786858179,7,7,1,6,4,1,1,19,0,0
1786858197,7,7,1,6,5,1,1,1,0,0
1786858214,2,4,1,3,2,1,1,1,0,0
1786858232,2,2,1,1,0,1,1,1,0,0
1786858249,2,2,1,1,0,1,1,1,0,0
1786858267,2,2,1,1,0,1,1,1,0,0
1786858284,2,2,1,1,0,1,1,1,0,0
1786858302,2,2,1,1,0,1,1,1,0,0
1786858319,2,2,1,1,0,1,1,1,0,0
1786858337,2,2,1,1,0,1,1,1,0,0
1786858354,2,2,1,1,0,1,1,1,0,0
1786858372,2,2,1,1,0,1,1,1,0,0
1786858390,2,2,1,1,0,1,1,1,0,0
1786858407,2,2,1,1,0,1,1,1,0,0
1786858425,2,2,1,1,0,1,1,1,0,0
1786858442,2,2,1,1,0,1,1,1,0,0
1786858460,2,2,1,1,0,1,1,1,0,0
1786858477,2,2,1,1,0,1,1,1,0,0
1786858495,2,2,1,1,0,1,1,1,0,0
1786858512,2,2,1,1,0,1,1,1,0,0
1786858530,2,2,1,1,0,1,1,1,0,0
1786858547,2,2,1,1,0,1,1,1,0,0
1786858564,2,2,1,1,0,1,1,1,0,0
1786858582,2,2,1,1,0,1,1,1,0,0
1786858599,2,2,1,1,0,1,1,1,0,0
1786858617,2,2,1,1,0,1,1,1,0,0
1786858634,2,2,1,1,0,1,1,1,0,0
1786858652,2,2,1,1,0,1,1,1,0,0
1786858669,2,2,1,1,0,1,1,1,0,0
1786858687,2,2,1,1,0,1,1,1,0,0
1786858704,2,2,1,1,0,1,1,1,0,0
1786858721,2,2,1,1,0,1,1,1,0,0
1786858739,2,2,1,1,0,1,1,1,0,0
1786858756,2,2,1,1,0,1,1,1,0,0
1786858774,2,2,1,1,0,1,1,1,0,0
1786858791,2,2,1,1,0,1,1,1,0,0
1786858809,2,2,1,1,0,1,1,1,0,0
1786858826,2,2,1,1,0,1,1,1,0,0
1786858844,2,2,1,1,0,1,1,1,0,0
1786858861,2,2,1,1,0,1,1,1,0,0
1786858878,2,2,1,1,0,1,1,1,0,0
1786858896,2,2,1,1,0,1,1,1,0,0
1786858913,2,2,1,1,0,1,1,1,0,0
1786858931,2,2,1,1,0,1,1,1,0,0
1786858948,2,2,1,1,0,1,1,1,0,0
1786858966,2,2,1,1,0,1,1,1,0,0
1786858983,2,2,1,1,0,1,1,1,0,0
1786859001,2,2,1,1,0,1,1,1,0,0
1786859018,2,2,1,1,0,1,1,1,0,0
1786859036,2,2,1,1,0,1,1,1,0,0
1786859054,2,2,1,1,0,1,1,1,0,0
1786859071,2,2,1,1,0,1,1,1,0,0
1786859089,2,2,1,1,0,1,1,1,0,0
1786859106,2,2,1,1,0,1,1,1,0,0
1786859124,2,2,1,1,0,1,1,1,0,0
1786859141,2,2,1,1,0,1,1,1,0,0
1786859159,2,2,1,1,0,1,1,1,0,0
1786859176,2,2,1,1,0,1,1,1,0,0
1786859194,2,2,1,1,0,1,1,1,0,0
1786859211,2,2,1,1,0,1,1,1,0,0
1786859229,2,2,1,1,0,1,1,1,0,0
1786859246,2,2,1,1,0,1,1,1,0,0
1786859263,2,2,1,1,0,1,1,1,0,0
1786859280,2,2,1,1,0,1,1,1,0,0
1786859298,2,2,1,1,0,1,1,1,0,0
1786859315,2,2,1,1,0,1,1,1,0,0
1786859332,2,2,1,1,0,1,1,1,0,0
1786859350,2,2,1,1,0,1,1,1,0,0
1786859367,2,2,1,1,0,1,1,1,0,0
1786859385,2,2,1,1,0,1,1,1,0,0
1786859402,2,2,1,1,0,1,1,1,0,0
1786859419,2,2,1,1,0,1,1,1,0,0
1786859437,2,2,1,1,0,1,1,1,0,0
1786859454,2,2,1,1,0,1,1,1,0,0
1786859472,2,2,1,1,0,1,1,1,0,0
1786859489,2,2,1,1,0,1,1,1,0,0
1786859507,2,2,1,1,0,1,1,1,0,0
1786859524,2,2,1,1,0,1,1,1,0,0
1786859542,2,2,1,1,0,1,1,1,0,0
1786859559,2,2,1,1,0,1,1,1,0,0
1786859577,2,2,1,1,0,1,1,1,0,0
1786859594,2,2,1,1,0,2,4,2,0,3
1786859612,2,2,1,1,0,5,3,2,0,0
1786859629,2,2,1,1,0,4,2,1,0,0
1786859647,2,2,1,1,0,4,2,1,0,0
1786859664,2,2,1,1,0,4,2,1,0,0
1786859681,2,2,1,1,0,4,2,1,0,0
1786859699,2,2,1,1,0,4,2,1,0,0
1786859716,2,2,1,1,0,4,2,1,0,0
1786859734,2,2,1,1,0,4,2,1,0,0
1786859751,2,2,1,1,0,4,2,1,0,0
1786859768,2,2,1,1,0,4,2,1,0,0
1786859786,2,2,1,1,0,4,2,1,0,0
1786859803,2,2,1,1,0,4,2,1,0,0
1786859820,2,2,1,1,0,4,2,1,0,0
1786859838,2,2,1,1,0,4,2,1,0,0
1786859855,2,2,1,1,0,4,2,1,0,0
1786859873,2,2,1,1,0,4,2,1,0,0
1786859890,2,2,1,1,0,4,2,1,0,0
1786889790,2,2,1,1,0,4,2,1,0,0
1786889807,2,2,1,1,0,4,2,1,0,0
1786889825,2,2,1,1,0,2,2,1,0,0
1786889842,2,2,1,1,0,2,2,1,0,0
1786889860,2,2,1,1,0,2,2,1,0,0
1786889877,2,2,1,1,0,2,2,1,0,0
1786889895,2,2,1,1,0,2,2,1,0,0
1786889912,2,2,1,1,0,2,2,1,0,0
1786889929,2,2,1,1,0,2,2,1,0,0
1786889947,2,2,1,1,0,2,2,1,0,0
1786889964,2,2,1,1,0,2,2,1,0,0
1786889982,2,2,1,1,0,2,2,1,0,0
1786889999,2,2,1,1,0,2,2,1,0,0
1786890017,2,2,1,1,0,2,2,1,0,0
1786890034,2,2,1,1,0,2,2,1,0,0
1786890051,2,2,1,1,0,4,2,1,0,0
1786890069,2,2,1,1,0,4,4,1,0,0
1786890086,2,2,1,1,0,4,4,3,0,0
1786890104,2,2,1,1,0,4,6,3,0,0
1786890121,2,2,1,1,0,4,6,3,0,0
1786890138,2,2,1,1,0,4,6,3,0,0
1786890156,2,2,1,1,0,4,6,3,0,0
1786890173,2,2,1,1,0,4,6,2,0,0
1786890191,2,2,1,1,0,4,6,2,0,0
1786890208,2,2,1,1,0,4,6,2,0,0
1786890226,2,2,1,1,0,4,6,2,0,0
1786890243,2,2,1,1,0,4,6,2,0,0
1786890261,2,2,1,1,0,4,6,2,0,0
1786890278,2,2,1,1,0,4,6,2,0,0
1786890296,2,2,1,1,0,4,6,2,0,0
1786890313,2,2,1,1,0,4,6,3,0,0
1786890331,2,2,1,1,0,4,6,3,0,0
1786890348,2,2,1,1,0,4,6,2,0,0
1786890366,2,2,1,1,0,4,6,2,0,0
1786890383,3,2,1,1,0,4,6,3,0,1
1786890401,3,2,1,1,0,4,6,3,0,1
1786890419,3,3,1,2,1,4,6,2,0,0
1786890436,3,2,1,1,1,4,6,2,0,2
1786890454,3,2,1,1,0,4,6,2,0,0
1786890472,3,2,1,1,0,4,6,2,0,0
1786890489,3,2,1,1,0,3,6,2,0,0
1786890507,2,2,1,1,0,2,3,2,0,0
1786890524,2,2,1,1,0,2,3,2,0,0
1786890542,2,2,1,1,0,2,3,1,0,0
1786890559,2,2,1,1,0,2,3,1,0,0
1786890577,2,2,1,1,0,2,3,1,0,0
1786890594,2,2,1,1,0,2,3,1,0,0
1786890611,2,2,1,1,0,2,3,1,0,0
1786890629,2,2,1,1,0,2,3,1,0,0
1786890646,2,2,1,1,0,2,3,1,0,0
1786890663,2,2,1,1,0,2,3,1,0,0
1786890681,2,2,1,1,0,2,4,2,0,0
1786890698,2,2,1,1,0,1,4,1,0,0
1786890715,2,2,1,1,0,1,1,1,0,0
1786890732,2,2,1,1,0,1,1,1,0,0
1786890750,2,2,1,1,0,1,1,1,0,0
1786890767,2,2,1,1,0,1,1,1,0,0
1786890785,2,2,1,1,0,1,1,1,0,0
1786890802,2,2,1,1,0,1,1,1,0,0
1786890819,2,2,1,1,0,1,1,1,0,0
1786890837,2,2,1,1,0,1,1,1,0,0
1786890854,2,2,1,1,0,1,1,1,0,0
1786890871,2,2,1,1,0,1,1,1,0,0
1786890889,2,2,1,1,0,1,1,1,0,0
1786890906,2,2,1,1,0,1,1,1,0,0
1786890924,2,2,1,1,0,1,1,1,0,0
1786890941,2,2,1,1,0,1,1,1,0,0
1786890958,2,2,1,1,0,1,1,1,0,0
1786890976,2,2,1,1,0,1,1,1,0,0
1786890993,2,2,1,1,0,1,1,1,0,0
1786891010,2,2,1,1,0,1,1,1,0,0
1786891028,2,2,1,1,0,1,1,1,0,0
1786891045,2,2,1,1,0,1,1,1,0,0
1786891062,2,2,1,1,0,1,1,1,0,0
1786891080,2,2,1,1,0,1,1,1,0,0
1786891097,2,2,1,1,0,1,1,1,0,0
1786891114,2,2,1,1,0,1,1,1,0,0
1786891132,2,2,1,1,0,1,1,1,0,0
1786891149,2,2,1,1,0,1,1,1,0,0
1786891166,2,2,1,1,0,1,1,1,0,0
1786891184,2,2,1,1,0,1,1,1,0,0
1786891201,2,2,1,1,0,1,1,1,0,0
1786891218,2,2,1,1,0,1,1,1,0,0
1786891235,2,2,1,1,0,1,1,1,0,0
1786891253,2,2,1,1,0,1,1,1,0,0
1786891270,2,2,1,1,0,1,1,1,0,0
1786891287,2,2,1,1,0,1,1,1,0,0
1786891305,2,2,1,1,0,1,1,1,0,0
1786891322,2,2,1,1,0,1,1,1,0,0
1786891339,2,2,1,1,0,1,1,1,0,0
1786891357,2,2,1,1,0,1,1,1,0,0
1786891374,2,2,1,1,0,1,1,1,0,0
1786891391,2,2,1,1,0,1,1,1,0,0
1786891408,2,2,1,1,0,1,1,1,0,0
1786891426,2,2,1,1,0,1,1,1,0,0
1786891443,2,2,1,1,0,1,1,1,0,0
1786891460,2,2,1,1,0,1,1,1,0,0
1786891478,2,2,1,1,0,1,1,1,0,0
1786891495,2,2,1,1,0,1,1,1,0,0
1786891512,2,2,1,1,0,1,1,1,0,0
1786891530,2,2,1,1,0,1,1,1,0,0
1786891547,2,2,1,1,0,1,1,1,0,0
1786891565,2,2,1,1,0,1,1,1,0,0
1786891582,2,2,1,1,0,1,1,1,0,0
1786891600,2,2,1,1,0,1,1,1,0,0
1786891617,2,2,1,1,0,1,1,1,0,0
1786891635,2,2,1,1,0,1,1,1,0,0
1786891652,2,2,1,1,0,1,1,1,0,0
1786891670,2,2,1,1,0,1,1,1,0,0
1786891687,2,2,1,1,0,1,1,1,0,0
1786891705,2,2,1,1,0,1,1,1,0,0
1786891722,2,2,1,1,0,1,1,1,0,0
1786891739,2,2,1,1,0,1,1,1,0,0
1786891757,2,2,1,1,0,1,1,1,0,0
1786891774,2,2,1,1,0,1,1,1,0,0
1786891791,2,2,1,1,0,1,1,1,0,0
1786891809,2,2,1,1,0,1,1,1,0,0
1786891826,2,2,1,1,0,1,1,1,0,0
1786891843,2,2,1,1,0,1,1,1,0,0
1786891861,2,2,1,1,0,1,1,1,0,0
1786891878,2,2,1,1,0,1,1,1,0,0
1786891895,2,2,1,1,0,1,1,1,0,0
1786891913,2,2,1,1,0,1,1,1,0,0
1786891930,2,2,1,1,0,1,1,1,0,0
1786891947,2,2,1,1,0,1,1,1,0,0
1786891965,2,2,1,1,0,1,1,1,0,0
1786891982,2,2,1,1,0,1,1,1,0,0
1786892000,2,2,1,1,0,1,1,1,0,0
1786892017,2,2,1,1,0,1,1,1,0,0
1786892035,2,2,1,1,0,1,1,1,0,0
1786892052,2,2,1,1,0,1,1,1,0,0
1786892069,2,2,1,1,0,1,1,1,0,0
1786892087,2,2,1,1,0,1,1,1,0,0
1786892104,2,2,1,1,0,1,1,1,0,0
1786892122,2,2,1,1,0,1,1,1,0,0
1786892139,2,2,1,1,0,1,1,1,0,0
1786892156,2,2,1,1,0,1,1,1,0,0
1786892174,2,2,1,1,0,1,1,1,0,0
1786892191,2,2,1,1,0,1,1,1,0,0
1786892209,2,2,1,1,0,1,1,1,0,0
1786892226,2,2,1,1,0,1,1,1,0,0
1786892243,2,2,1,1,0,1,1,1,0,0
1786892261,2,2,1,1,0,1,1,1,0,0
1786892278,2,2,1,1,0,1,1,1,0,0
1786892295,2,2,1,1,0,1,1,1,0,0
1786892313,2,2,1,1,0,1,1,1,0,0
1786892330,2,2,1,1,0,1,1,1,0,0
1786892347,2,2,1,1,0,1,1,1,0,0
1786892365,2,2,1,1,0,1,1,1,0,0
1786892382,2,2,1,1,0,1,1,1,0,0
1786892400,2,2,1,1,0,1,1,1,0,0
1786892417,2,2,1,1,0,1,1,1,0,0
1786892434,2,2,1,1,0,1,1,1,0,0
1786892452,2,2,1,1,0,1,1,1,0,0
1786892469,2,2,1,1,0,1,1,1,0,0
1786892486,2,2,1,1,0,1,1,1,0,0
1786892504,2,2,1,1,0,1,1,1,0,0
1786892521,2,2,1,1,0,1,1,1,0,0
1786892538,2,2,1,1,0,1,1,1,0,0
1786892556,2,2,1,1,0,1,1,1,0,0
1786892573,2,2,1,1,0,1,1,1,0,0
1786892590,2,2,1,1,0,1,1,1,0,0
1786892608,2,2,1,1,0,1,1,1,0,0
1786892625,2,2,1,1,0,1,1,1,0,0
1786892642,2,2,1,1,0,1,1,1,0,0
1786892660,2,2,1,1,0,1,1,1,0,0
1786892677,2,2,1,1,0,1,1,1,0,0
1786892694,2,2,1,1,0,1,1,1,0,0
1786892711,2,2,1,1,0,1,1,1,0,0
1786892729,2,2,1,1,0,1,1,1,0,0
1786892746,2,2,1,1,0,1,1,1,0,0
1786892763,2,2,1,1,0,1,1,1,0,0
1786892781,2,2,1,1,0,1,1,1,0,0
1786892798,2,2,1,1,0,1,1,1,0,0
1786892816,2,2,1,1,0,1,1,1,0,0
1786892833,2,2,1,1,0,1,1,1,0,0
1786892850,2,2,1,1,0,1,1,1,0,0
1786892868,2,2,1,1,0,1,1,1,0,0
1786892885,2,2,1,1,0,1,1,1,0,0
1786892902,2,2,1,1,0,1,1,4,0,0
1786892920,2,2,1,1,0,1,1,4,0,0
1786892937,2,2,1,1,0,7,2,5,0,0
1786892955,3,2,1,1,0,8,3,2,0,1
1786892972,3,3,1,2,1,7,2,2,0,1
1786892989,3,3,1,2,1,6,2,1,0,0
1786893007,3,3,1,2,1,6,2,1,0,0
1786893024,3,3,1,2,1,6,2,1,0,0
1786893042,3,3,1,2,1,6,2,1,0,0
1786893059,2,2,1,1,0,6,2,1,0,0
1786893076,2,2,1,1,0,6,2,1,0,0
1786893094,2,2,1,1,0,6,2,1,0,0
1786893111,2,2,1,1,0,6,2,1,0,0
1786893128,2,2,1,1,0,6,2,1,0,0
1786893146,2,2,1,1,0,6,2,1,0,0
1786893163,2,2,1,1,0,6,2,1,0,0
1786893180,2,2,1,1,0,6,2,1,0,0
1786893198,2,2,1,1,0,6,2,1,0,0
1786893215,2,2,1,1,0,6,2,1,0,0
1786893233,2,2,1,1,0,6,2,1,0,0
1786893250,2,2,1,1,0,6,2,1,0,0
1786893268,2,2,1,1,0,6,2,1,0,0
1786893285,2,2,1,1,0,6,2,1,0,0
1786893302,2,2,1,1,0,6,2,1,0,0
1786893320,2,2,1,1,0,6,2,1,0,0
1786893337,2,2,1,1,0,6,2,1,0,0
1786893355,2,2,1,1,0,6,2,1,0,0
1786893372,2,2,1,1,0,6,2,1,0,0
1786893389,2,2,1,1,0,6,2,1,0,0
1786893407,2,2,1,1,0,6,2,1,0,0
1786893424,2,2,1,1,0,6,2,1,0,0
1786893442,2,2,1,1,0,6,2,1,0,0
1786893459,2,2,1,1,0,6,2,1,0,0
1786893476,2,2,1,1,0,6,2,1,0,0
1786893494,2,2,1,1,0,6,2,1,0,0
1786893511,2,2,1,1,0,6,2,1,0,0
1786893528,2,2,1,1,0,6,2,1,0,0
1786893546,2,2,1,1,0,6,2,1,0,0
1786893563,2,2,1,1,0,12,2,1,0,0
1786893581,2,2,1,1,0,12,2,1,0,0
1786893598,2,2,1,1,0,12,2,1,0,0
1786893616,2,2,1,1,0,8,2,1,0,0
1786893633,2,2,1,1,0,9,2,1,0,4
1786893651,2,2,1,1,0,13,2,1,0,0
1786893668,4,2,1,1,0,13,2,1,0,7
1786893686,4,2,1,1,0,13,2,1,0,7
1786893703,4,4,1,3,1,19,2,1,0,1
1786893721,4,4,1,3,1,9,2,1,0,0
1786893738,4,4,1,3,0,8,2,2,0,0
1786893756,4,4,1,3,0,6,2,2,0,0
1786893774,4,4,1,3,0,7,2,2,0,0
1786893791,4,4,1,3,0,7,2,2,0,0
1786893809,4,4,1,3,0,12,2,2,0,0
1786893826,4,4,1,3,1,12,2,1,0,0
1786893844,4,4,1,3,1,9,2,1,0,0
1786893861,4,4,1,3,0,26,2,1,0,5
1786893879,4,4,1,3,0,37,3,1,0,6
1786893897,8,4,1,3,0,42,3,1,0,24
1786893914,8,5,1,4,1,42,3,1,0,35
1786893932,8,8,1,7,0,63,4,2,0,52
1786893950,8,8,1,7,0,79,6,2,0,44
1786893967,8,8,1,7,0,82,8,2,0,40
1786893985,8,8,1,7,0,82,8,2,0,40
1786894003,8,8,1,7,0,82,8,2,0,40
1786894021,8,8,1,7,0,91,8,1,0,31
1786894038,8,8,1,7,0,96,8,1,0,26
1786894056,8,8,1,7,0,97,8,1,0,25
1786894074,8,8,1,7,0,97,8,1,0,26
1786894091,8,8,1,7,0,97,8,1,0,26
1786894109,8,8,1,7,0,97,8,1,0,26
1786894127,8,8,1,7,0,97,8,1,0,26
1786894145,8,8,1,7,0,97,8,1,0,26
1786894162,8,8,1,7,0,97,8,1,0,25
1786894180,8,8,1,7,0,97,8,1,0,25
1786894197,8,8,1,7,0,97,8,1,0,25
1786894214,8,8,1,7,0,97,8,1,0,25
1786894232,8,8,1,7,0,97,8,1,0,25
1786894249,8,8,1,7,0,97,8,1,0,25
1786894267,8,8,1,7,0,97,8,1,0,25
1786894284,8,8,1,7,0,97,8,1,0,25
1786894302,8,8,1,7,0,97,8,1,0,25
1786894319,8,8,1,7,0,97,8,1,0,25
1786894337,8,8,1,7,0,97,8,1,0,25
1786894360,8,8,1,7,0,97,8,1,0,25
1786894378,8,8,1,7,3,8,4,1,0,0
1786894396,8,8,1,7,3,8,4,1,0,0
1786894413,8,8,1,7,4,6,2,1,0,0
1786894431,6,6,1,5,2,6,2,1,0,0
1786894448,5,5,1,4,1,6,2,1,0,0
1786894466,4,4,1,3,0,6,2,1,0,0
1786894483,3,2,1,1,0,6,3,1,0,0
1786894501,2,2,1,1,0,6,2,1,0,0
1786894518,2,2,1,1,0,6,2,1,0,0
1786894535,2,2,1,1,0,2,3,2,0,1
1786894553,2,2,1,1,0,1,2,1,0,0
1786894570,2,2,1,1,0,1,1,1,0,0
1786894587,2,2,1,1,0,1,1,1,0,0
1786894605,2,2,1,1,0,1,1,1,0,0
1786894622,2,2,1,1,0,1,1,1,0,0
1786894640,2,2,1,1,0,1,1,1,0,0
1786894657,2,2,1,1,0,1,1,1,0,0
1786894674,2,2,1,1,0,1,1,1,0,0
1786894692,2,2,1,1,0,1,1,1,0,0
1786894709,2,2,1,1,0,1,1,1,0,0
1786894726,2,2,1,1,0,1,1,1,0,0
1786894743,2,2,1,1,0,1,1,1,0,0
1786894761,2,2,1,1,0,1,1,1,0,0
1786894778,2,2,1,1,0,1,1,1,0,0
1786894796,2,2,1,1,0,1,1,1,0,0
1786894813,2,2,1,1,0,1,1,1,0,0
1786894830,2,2,1,1,0,1,1,1,0,0
1786894848,2,2,1,1,0,1,1,1,0,0
1786894865,2,2,1,1,0,1,1,1,0,0
1786894882,2,2,1,1,0,1,1,1,0,0
1786894900,2,2,1,1,0,1,1,1,0,0
1786894917,2,2,1,1,0,1,1,1,0,0
1786894934,2,2,1,1,0,1,1,1,0,0
1786894951,2,2,1,1,0,1,1,1,0,0
1786894969,2,2,1,1,0,1,1,1,0,0
1786894986,2,2,1,1,0,1,1,1,0,0
1786895004,2,2,1,1,0,1,1,1,0,0
1786895021,2,2,1,1,0,1,1,1,0,0
1786895038,2,2,1,1,0,1,1,1,0,0
1786895056,2,2,1,1,0,1,1,1,0,0
1786895073,2,2,1,1,0,1,1,1,0,0
1786895090,2,2,1,1,0,1,1,1,0,0
1786895108,2,2,1,1,0,1,1,1,0,0
1786895125,2,2,1,1,0,1,1,1,0,0
1786895142,2,2,1,1,0,1,1,1,0,0
1786895160,2,2,1,1,0,1,1,1,0,0
1786895177,2,2,1,1,0,1,1,1,0,0
1786895194,2,2,1,1,0,1,1,1,0,0
1786895212,2,2,1,1,0,1,1,1,0,0
1786895229,2,2,1,1,0,1,1,1,0,0
1786895246,2,2,1,1,0,1,1,4,0,0
1786895264,2,2,1,1,0,2,3,5,0,0
1786895281,2,2,1,1,0,1,2,5,0,0
1786895298,2,2,1,1,0,1,2,2,0,0
1786895316,2,2,1,1,0,1,2,2,0,0
1786895333,2,2,1,1,0,1,2,1,0,0
1786895350,2,2,1,1,0,1,2,1,0,0
1786895368,2,2,1,1,0,1,2,1,0,0
1786895385,2,2,1,1,0,1,2,1,0,0
1786895402,2,2,1,1,0,1,2,1,0,0
1786895421,2,2,1,1,0,1,2,1,0,0
1786895438,2,2,1,1,0,1,2,1,0,0
1786895455,2,2,1,1,0,1,2,1,0,0
1786895473,2,2,1,1,0,1,2,1,0,0
1786895490,2,2,1,1,0,1,2,1,0,0
1786895508,2,2,1,1,0,1,2,1,0,0
1786895525,2,2,1,1,0,1,2,1,0,0
1786895542,2,2,1,1,0,1,2,1,0,0
1786895559,2,2,1,1,0,1,2,1,0,0
1786895577,2,2,1,1,0,1,2,1,0,0
1786895594,2,2,1,1,0,1,2,1,0,0
1786895612,2,2,1,1,0,1,2,1,0,0
1786895629,2,2,1,1,0,1,2,1,0,0
1786895646,2,2,1,1,0,1,2,1,0,0
1786895664,2,2,1,1,0,1,2,1,0,0
1786895681,2,2,1,1,0,1,2,1,0,0
1786895698,2,2,1,1,0,1,2,1,0,0
1786895716,2,2,1,1,0,1,2,1,0,0
1786895733,2,2,1,1,0,3,2,1,0,0
1786895751,3,2,1,1,0,3,4,1,0,4
1786895769,3,3,1,2,1,3,4,2,0,4
1786895786,3,3,1,2,0,6,7,4,0,2
1786895804,3,3,1,2,0,6,8,4,0,8
1786895822,3,3,1,2,0,6,8,4,0,10
1786895839,3,3,1,2,0,6,8,2,0,12
1786895857,3,3,1,2,0,6,8,1,0,21
1786895875,3,3,1,2,0,6,8,1,0,23
1786895892,3,3,1,2,0,6,8,1,0,24
1786895910,3,3,1,2,0,6,8,1,0,24
1786895927,3,3,1,2,0,6,8,1,0,24
1786895945,3,3,1,2,0,6,8,1,0,24
1786895962,3,3,1,2,0,6,8,1,0,24
1786895980,3,3,1,2,0,6,8,1,0,24
1786895997,3,3,1,2,0,6,8,1,0,24
1786896015,3,3,1,2,0,6,8,1,0,24
1786896032,3,3,1,2,0,6,8,1,0,24
1786896049,3,3,1,2,0,6,8,1,0,24
1786896067,3,3,1,2,0,6,8,1,0,24
1786896084,3,3,1,2,0,6,8,1,0,26
1786896102,3,3,1,2,0,6,8,1,0,26
1786896119,3,3,1,2,0,6,8,1,0,26
1786896137,3,3,1,2,0,6,8,1,0,26
1786896154,3,3,1,2,0,6,8,1,0,26
1786896172,3,3,1,2,0,6,8,1,0,26
1786896189,3,3,1,2,0,6,8,1,0,26
1786896207,3,3,1,2,0,6,8,1,0,26
1786896224,3,3,1,2,0,6,8,1,0,26
1786896242,3,3,1,2,0,6,8,1,0,26
1786896260,3,3,1,2,0,6,8,1,0,26
1786896277,3,3,1,2,0,6,8,1,0,26
1786896295,3,3,1,2,0,6,8,1,0,26
1786896312,3,3,1,2,0,6,8,1,0,26
1786896330,3,3,1,2,0,6,8,1,0,26
1786896347,3,3,1,2,0,6,8,1,0,26
1786896365,3,3,1,2,0,6,8,1,0,26
1786896382,3,3,1,2,0,6,8,1,0,26
1786896400,3,3,1,2,0,6,8,1,0,26
1786896417,3,3,1,2,0,6,8,1,0,26
1786896434,3,3,1,2,0,6,8,1,0,26
1786896452,3,3,1,2,0,6,8,1,0,26
1786896469,3,3,1,2,0,6,8,1,0,26
1786896487,3,3,1,2,0,6,8,1,0,26
1786896504,3,3,1,2,0,6,8,1,0,26
1786896521,3,3,1,2,0,6,8,1,0,26
1786896538,3,3,1,2,0,6,8,1,0,26
1786896556,3,3,1,2,0,6,8,1,0,26
1786896573,3,3,1,2,0,6,8,1,0,26
1786896591,3,3,1,2,0,6,8,1,0,26
1786896608,3,3,1,2,0,6,8,1,0,26
1786896625,3,3,1,2,0,6,8,1,0,26
1786896643,3,3,1,2,0,6,8,1,0,26
1786896660,3,3,1,2,0,6,8,1,0,26
1786896677,3,3,1,2,0,6,8,1,0,26
1786896695,3,3,1,2,0,6,8,1,0,26
1786896712,3,3,1,2,0,6,8,1,0,26
1786896730,3,3,1,2,0,6,8,1,0,26
1786896747,3,3,1,2,0,6,8,1,0,26
1786896764,3,3,1,2,0,6,8,1,0,26
1786896782,3,3,1,2,0,6,8,1,0,26
1786896799,3,3,1,2,0,6,8,1,0,26
1786896816,3,3,1,2,0,6,8,1,0,26
1786896834,3,3,1,2,0,6,8,1,0,26
1786896851,3,3,1,2,0,6,8,1,0,26
1786896868,3,3,1,2,0,6,8,1,0,26
1786896886,3,3,1,2,0,6,8,1,0,26
1786896903,3,3,1,2,0,6,8,1,0,26
1786896920,3,3,1,2,0,6,8,1,0,26
1786896938,3,3,1,2,0,6,8,1,0,26
1786896955,3,3,1,2,0,6,8,1,0,26
1786896972,3,3,1,2,0,6,8,1,0,26
1786896990,3,3,1,2,0,6,8,1,0,26
1786897007,3,3,1,2,0,6,8,1,0,26
1786897024,3,3,1,2,0,6,8,1,0,26
1786897042,3,3,1,2,0,6,8,1,0,26
1786897059,3,3,1,2,0,6,8,1,0,26
1786897077,3,3,1,2,0,6,8,1,0,26
1786897094,3,3,1,2,0,6,8,1,0,26
1786897111,3,3,1,2,0,6,8,1,0,26
1786897129,3,3,1,2,0,6,8,1,0,26
1786897146,3,3,1,2,0,6,8,1,0,26
1786897164,3,3,1,2,0,1,1,2,0,0
1786897181,3,3,1,2,0,1,1,1,0,0
1786897198,3,3,1,2,0,1,1,1,0,0
1786897216,3,2,1,1,0,2,1,1,0,0
1786897233,2,2,1,1,0,1,1,1,0,0
1786897250,2,2,1,1,0,1,1,1,0,0
1786897268,2,2,1,1,0,1,1,1,0,0
1786897285,2,2,1,1,0,1,1,1,0,0
1786897303,2,2,1,1,0,1,1,1,0,0
1786897320,2,2,1,1,0,1,1,1,0,0
1786897338,2,2,1,1,0,1,1,1,0,0
1786897355,2,2,1,1,0,1,1,1,0,0
1786897373,2,2,1,1,0,1,1,1,0,0
1786897390,2,2,1,1,0,1,1,1,0,0
1786897407,2,2,1,1,0,1,1,1,0,0
1786897425,2,2,1,1,0,1,1,1,0,0
1786897442,2,2,1,1,0,1,1,1,0,0
1786897459,2,2,1,1,0,1,1,1,0,0
1786897477,2,2,1,1,0,1,1,1,0,0
1786897494,2,2,1,1,0,1,1,1,0,0
1786897511,2,2,1,1,0,1,1,1,0,0
1786897529,2,2,1,1,0,1,1,1,0,0
1786897546,2,2,1,1,0,1,1,1,0,0
1786897563,2,2,1,1,0,1,1,1,0,0
1786897581,2,2,1,1,0,1,1,1,0,0
1786897598,2,2,1,1,0,1,1,1,0,0
1786897615,2,2,1,1,0,1,1,1,0,0
1786897633,2,2,1,1,0,1,1,1,0,0
1786897650,2,2,1,1,0,1,1,1,0,0
1786897668,2,2,1,1,0,1,1,1,0,0
1786897685,2,2,1,1,0,1,1,1,0,0
1786897702,2,2,1,1,0,1,1,1,0,0
1786897720,2,2,1,1,0,1,1,1,0,0
1786897737,2,2,1,1,0,1,1,1,0,0
1786897755,2,2,1,1,0,1,1,1,0,0
1786897772,2,2,1,1,0,1,1,1,0,0
1786897789,2,2,1,1,0,1,1,1,0,0
1786897807,2,2,1,1,0,1,1,1,0,0
1786897824,2,2,1,1,0,4,2,3,0,0
1786897842,2,2,1,1,0,4,3,3,0,1
1786897859,3,2,1,1,0,3,3,2,0,1
1786897877,3,3,1,2,1,3,2,1,0,0
1786897894,3,3,1,2,1,3,2,1,0,0
1786897911,3,3,1,2,1,3,2,1,0,0
1786897929,3,3,1,2,1,3,2,1,0,0
1786897946,3,2,1,1,1,3,2,1,0,2
1786897963,3,2,1,1,0,3,2,1,0,0
1786897981,3,2,1,1,0,3,2,1,0,0
1786897998,3,2,1,1,0,3,2,1,0,0
1786898016,2,2,1,1,0,3,2,1,0,0
1786898033,2,2,1,1,0,3,2,1,0,0
1786898050,2,2,1,1,0,3,2,1,0,0
1786898068,2,2,1,1,0,3,2,1,0,0
1786898085,2,2,1,1,0,3,2,1,0,0
1786898102,2,2,1,1,0,3,2,1,0,0
1786898120,2,2,1,1,0,3,2,1,0,0
1786898137,2,2,1,1,0,3,2,1,0,0
1786898155,2,2,1,1,0,3,2,1,0,0
1786898172,2,2,1,1,0,3,2,1,0,0
1786898190,3,2,1,1,0,7,2,1,0,1
1786898208,3,2,1,1,0,7,2,1,0,1
1786898226,3,3,1,2,0,8,2,1,0,0
1786898243,3,3,1,2,0,8,2,1,0,0
1786898261,3,3,1,2,1,7,2,1,0,0
1786898279,3,3,1,2,0,7,2,1,0,0
1786898297,3,3,1,2,0,9,2,1,0,0
1786898314,3,3,1,2,0,10,2,1,0,0
1786898332,3,3,1,2,0,10,2,1,0,0
1786898349,3,3,1,2,0,10,2,1,0,0
1786898367,3,3,1,2,0,10,2,1,0,0
1786898384,3,3,1,2,0,10,2,1,0,0
1786898402,3,3,1,2,0,9,2,1,0,0
1786898419,3,3,1,2,0,7,2,1,0,0
1786898437,3,3,1,2,0,7,2,1,0,0
1786898455,7,3,1,2,0,14,4,1,0,41
1786898472,7,6,1,5,3,14,4,1,0,42
1786898490,7,7,1,6,0,42,9,1,0,12
1786898507,7,7,1,6,0,42,12,1,0,12
1786898525,7,7,1,6,0,42,12,1,0,13
1786898542,7,7,1,6,0,42,12,1,0,13
1786898560,7,7,1,6,0,42,12,1,0,18
1786898578,7,7,1,6,0,42,12,1,0,18
1786898595,7,7,1,6,0,42,12,1,0,18
1786898613,7,7,1,6,0,42,12,1,0,18
1786898631,7,7,1,6,0,42,12,1,0,18
1786898648,7,7,1,6,0,42,12,1,0,18
1786898666,7,7,1,6,0,42,12,1,0,18
1786898684,7,7,1,6,0,42,12,1,0,18
1786898702,7,7,1,6,0,42,12,1,0,18
1786898720,7,7,1,6,0,42,12,1,0,18
1786898737,7,7,1,6,0,42,12,1,0,18
1786898755,7,7,1,6,0,42,12,1,0,18
1786898773,7,7,1,6,0,42,12,1,0,18
1786898790,7,7,1,6,0,42,12,1,0,18
1786898808,7,7,1,6,0,42,12,1,0,18
1786898825,7,7,1,6,0,42,12,1,0,18
1786898843,7,7,1,6,0,42,12,1,0,18
1786898861,7,7,1,6,0,42,12,1,0,18
1786898878,7,7,1,6,0,42,12,1,0,18
1786898896,7,7,1,6,0,42,12,1,0,18
1786898914,7,7,1,6,0,42,12,1,0,19
1786898931,7,7,1,6,0,42,12,1,0,19
1786898949,7,7,1,6,0,42,12,1,0,19
1786898966,7,7,1,6,0,42,12,1,0,19
1786898984,7,7,1,6,0,42,12,1,0,19
1786899002,7,7,1,6,0,42,12,1,0,20
1786899019,7,7,1,6,0,42,12,1,0,20
1786899037,7,7,1,6,0,42,12,1,0,19
1786899055,7,7,1,6,0,42,12,1,0,19
1786899072,7,7,1,6,0,42,12,2,0,20
1786899090,7,7,1,6,1,2,12,2,0,42
1786899108,7,7,1,6,0,13,12,1,0,27
1786899125,7,7,1,6,0,30,8,1,0,0
1786899143,7,7,1,6,0,16,6,1,0,0
1786899160,7,7,1,6,0,14,4,1,0,1
1786899177,7,7,1,6,1,5,2,2,0,0
1786899195,7,7,1,6,2,3,1,1,0,0
1786899212,7,7,1,6,0,6,1,1,0,0
1786899231,7,7,1,6,0,52,1,1,0,2
1786899249,7,7,1,6,0,54,1,1,0,0
1786899270,7,7,1,6,0,54,36,1,0,150
1786899287,7,7,1,6,0,44,36,1,0,165
1786899305,7,7,1,6,0,23,36,1,0,165
1786899323,7,7,1,6,0,19,40,1,0,161
1786899341,7,7,1,6,0,12,66,2,0,100
1786899358,7,7,1,6,0,5,71,3,0,17
1786899376,7,7,1,6,0,1,74,6,0,0
1786899393,7,7,1,6,1,1,57,4,0,1
1786899411,7,7,1,6,1,1,37,4,0,1
1786899429,7,7,1,6,1,2,24,2,0,0
1786899446,7,7,1,6,0,5,21,3,0,0
1786899464,7,7,1,6,0,5,14,3,0,0
1786899481,7,7,1,6,0,4,7,2,0,0
1786899499,7,7,1,6,2,4,3,1,0,0
1786899516,7,5,1,4,0,5,3,1,0,0
1786899534,6,5,1,4,0,4,2,1,0,0
1786899551,5,5,1,4,0,5,2,1,0,0
1786899569,5,5,1,4,0,5,2,1,0,0
1786899586,5,5,1,4,1,3,2,1,0,0
1786899603,5,3,1,2,0,4,3,1,0,0
1786899621,4,3,1,2,0,3,2,1,0,0
1786899638,3,3,1,2,0,3,2,1,0,0
1786899656,3,3,1,2,0,3,2,1,0,0
1786899673,3,3,1,2,0,3,2,1,0,0
1786899691,2,2,1,1,0,3,2,1,0,0
1786899708,2,2,1,1,0,3,2,1,0,0
1786899726,2,2,1,1,0,3,2,1,0,0
1786899743,2,2,1,1,0,3,2,1,0,0
1786899761,2,2,1,1,0,3,2,1,0,0
1786899778,2,2,1,1,0,3,2,1,0,0
1786899795,2,2,1,1,0,4,2,1,0,0
1786899813,2,2,1,1,0,4,2,1,0,0
1786899831,2,2,1,1,0,4,2,1,0,0
1786899848,2,2,1,1,0,4,2,1,0,0
1786899866,2,2,1,1,0,4,2,1,0,0
1786899883,2,2,1,1,0,4,2,1,0,0
1786899900,2,2,1,1,0,4,2,1,0,0
1786899918,2,2,1,1,0,4,2,1,0,0
1786899935,2,2,1,1,0,4,2,1,0,0
1786899953,2,2,1,1,0,4,2,1,0,0
1786899970,2,2,1,1,0,4,2,1,0,0
1786899988,2,2,1,1,0,4,2,1,0,0
1786900005,2,2,1,1,0,4,2,1,0,0
1786900023,2,2,1,1,0,4,2,1,0,0
1786900040,2,2,1,1,0,4,2,1,0,0
1786900057,2,2,1,1,0,4,2,1,0,0
1786900075,2,2,1,1,0,4,2,2,0,0
1786900092,2,2,1,1,0,4,2,2,0,0
1786900110,2,2,1,1,0,6,3,2,0,0
1786900127,2,2,1,1,0,8,4,1,0,0
1786900145,2,2,1,1,0,11,4,1,0,2
1786900162,2,2,1,1,0,11,4,1,0,11
1786900180,2,2,1,1,0,11,4,1,0,11
1786900197,2,2,1,1,0,11,4,1,0,21
1786900214,2,2,1,1,0,11,4,2,0,28
1786900232,2,2,1,1,0,11,4,2,0,40
1786900250,2,2,1,1,0,11,4,1,0,46
1786900267,2,2,1,1,0,11,4,1,0,59
1786900285,2,2,1,1,0,11,4,1,0,60
1786900303,2,2,1,1,0,11,4,2,0,94
1786900321,2,2,1,1,0,11,4,2,0,93
1786900338,2,2,1,1,0,11,4,2,0,69
1786900356,2,2,1,1,0,11,4,1,0,42
1786900373,2,2,1,1,0,11,4,1,0,10
1786900391,2,2,1,1,0,11,2,1,0,2
1786900408,2,2,1,1,0,6,2,1,0,0
1786900426,2,2,1,1,0,4,2,1,0,0
1786900444,2,2,1,1,0,4,2,1,0,0
1786900461,2,2,1,1,0,4,2,1,0,0
1786900478,2,2,1,1,0,4,2,1,0,0
1786900496,2,2,1,1,0,4,2,1,0,0
1786900513,2,2,1,1,0,4,2,1,0,0
1786900531,2,2,1,1,0,4,2,1,0,0
1786900548,2,2,1,1,0,4,2,1,0,0
1786900566,2,2,1,1,0,4,2,1,0,0
1786900584,2,2,1,1,0,4,2,1,0,0
1786900601,2,2,1,1,0,4,2,1,0,0
1786900619,2,2,1,1,0,4,2,1,0,0
1786900637,2,2,1,1,0,4,2,1,0,0
1786900654,2,2,1,1,0,4,2,1,0,0
1786900672,2,2,1,1,0,4,2,1,0,0
1786900689,2,2,1,1,0,4,2,1,0,0
1786900706,2,2,1,1,0,4,2,1,0,0
1786900724,2,2,1,1,0,4,2,1,0,0
1786900741,2,2,1,1,0,4,2,1,0,0
1786900759,2,2,1,1,0,4,2,1,0,0
1786900776,2,2,1,1,0,4,2,1,0,0
1786900794,2,2,1,1,0,4,2,1,0,0
1786900811,2,2,1,1,0,4,2,1,0,0
1786900829,2,2,1,1,0,4,2,1,0,0
1786900846,2,2,1,1,0,4,2,1,0,0
1786900864,2,2,1,1,0,4,2,1,0,0
1786900881,2,2,1,1,0,4,2,1,0,0
1786900899,2,2,1,1,0,4,2,1,0,0
1786900916,2,2,1,1,0,4,2,1,0,0
1786900934,2,2,1,1,0,4,2,1,0,0
1786900952,2,2,1,1,0,4,2,1,0,0
1786900969,2,2,1,1,0,4,2,1,0,0
1786900987,2,2,1,1,0,4,2,1,0,0
1786901004,2,2,1,1,0,4,2,1,0,0
1786901022,2,2,1,1,0,4,2,1,0,0
1786901040,2,2,1,1,0,4,2,1,0,3
1786901057,2,2,1,1,0,2,1,1,0,6
1786901074,2,2,1,1,0,2,1,1,0,6
1786901092,2,2,1,1,0,2,2,1,0,1
1786901109,2,2,1,1,0,4,3,1,0,1
1786901127,2,2,1,1,0,4,2,2,0,0
1786901144,2,2,1,1,0,4,2,2,0,0
1786901162,2,2,1,1,0,4,2,1,0,1
1786901179,2,2,1,1,0,2,2,2,0,0
1786901197,2,2,1,1,0,1,1,1,0,0
1786901214,2,2,1,1,0,1,1,1,0,0
1786901232,2,2,1,1,0,1,2,1,0,0
1786901249,2,2,1,1,0,18,1,1,0,4
1786901266,2,2,1,1,0,1,1,1,0,0
1786901284,2,2,1,1,0,1,1,1,0,0
1786901301,2,2,1,1,0,1,1,1,0,0
1786901319,2,2,1,1,0,1,1,1,0,0
1786901336,2,2,1,1,0,1,1,1,0,0
1786901353,2,2,1,1,0,1,1,1,0,0
1786901370,2,2,1,1,0,1,1,1,0,0
1786901388,2,2,1,1,0,1,1,1,0,0
1786901405,2,2,1,1,0,1,1,1,0,0
1786901422,2,2,1,1,0,1,1,1,0,0
1786901440,2,2,1,1,0,1,1,1,0,0
1786901457,2,2,1,1,0,1,1,1,0,0
1786901475,2,2,1,1,0,1,1,2,0,0
1786901492,2,2,1,1,0,4,3,3,0,0
1786901509,2,2,1,1,0,5,3,1,0,0
1786901527,2,2,1,1,0,3,2,1,0,0
1786901544,2,2,1,1,0,3,2,1,0,0
1786901562,2,2,1,1,0,3,2,1,0,0
1786901579,2,2,1,1,0,3,2,1,0,0
1786901596,2,2,1,1,0,3,2,1,0,0
1786901614,2,2,1,1,0,3,2,1,0,0
1786901631,2,2,1,1,0,3,2,1,0,0
1786901648,2,2,1,1,0,3,2,1,0,0
1786901666,2,2,1,1,0,3,2,1,0,0
1786901683,2,2,1,1,0,3,2,1,0,0
1786901701,2,2,1,1,0,3,2,1,0,0
1786901718,2,2,1,1,0,3,2,1,0,0
1786901736,2,2,1,1,0,3,2,1,0,0
1786901753,2,2,1,1,0,3,2,1,0,0
1786901770,2,2,1,1,0,3,2,1,0,0
1786901788,2,2,1,1,0,3,2,1,0,0
1786901805,2,2,1,1,0,3,2,1,0,0
1786901822,2,2,1,1,0,3,2,1,0,0
1786901840,2,2,1,1,0,3,2,1,0,0
1786901857,2,2,1,1,0,3,2,1,0,0
1786901875,2,2,1,1,0,3,2,1,0,0
1786901892,2,2,1,1,0,3,2,1,0,0
1786901910,2,2,1,1,0,3,2,1,0,0
1786901927,2,2,1,1,0,3,2,1,0,0
1786901944,2,2,1,1,0,3,2,1,0,0
1786901962,2,2,1,1,0,3,2,1,0,0
1786901979,2,2,1,1,0,3,2,1,0,0
1786901997,2,2,1,1,0,3,2,2,0,0
1786902014,2,2,1,1,0,4,2,2,0,10
1786902032,2,2,1,1,0,7,6,2,0,8
1786902049,2,2,1,1,0,8,9,1,0,13
1786902067,2,2,1,1,0,8,9,1,0,13
1786902084,2,2,1,1,0,8,9,1,0,13
1786902102,3,2,1,1,0,8,9,1,0,20
1786902120,3,3,1,2,1,8,9,1,0,20
1786902137,5,3,1,2,0,10,17,1,0,20
1786902155,5,3,1,2,0,11,18,2,0,23
1786902173,5,5,1,4,0,16,22,3,0,21
1786902191,5,5,1,4,0,20,24,4,0,16
1786902209,5,5,1,4,0,20,24,4,0,19
1786902226,5,5,1,4,0,20,24,4,0,19
1786902244,5,5,1,4,0,20,24,4,0,19
1786902262,5,5,1,4,0,20,24,4,0,19
1786902279,5,5,1,4,0,20,24,4,0,19
1786902297,5,5,1,4,0,20,24,4,0,20
1786902314,5,5,1,4,0,20,24,4,0,20
1786902332,5,5,1,4,0,20,24,4,0,20
1786902349,5,5,1,4,0,20,24,4,0,20
1786902367,5,5,1,4,0,20,24,4,0,20
1786902385,5,5,1,4,0,20,24,4,0,20
1786902402,5,5,1,4,0,20,24,4,0,20
1786902420,5,5,1,4,0,20,24,4,0,20
1786902438,5,5,1,4,0,20,24,4,0,20
1786902455,5,5,1,4,0,20,24,4,0,20
1786902473,5,5,1,4,0,20,24,4,0,20
1786902490,5,5,1,4,0,20,24,4,0,20
1786902508,5,5,1,4,0,20,24,4,0,20
1786902525,5,5,1,4,0,20,24,4,0,20
1786902543,5,5,1,4,0,20,24,4,0,20
1786902560,5,5,1,4,0,20,24,4,0,20
1786902578,5,5,1,4,0,20,24,4,0,20
1786902596,5,5,1,4,0,20,24,4,0,20
1786902613,5,5,1,4,0,20,24,4,0,20
1786902631,5,5,1,4,0,20,24,4,0,20
1786902648,5,5,1,4,0,20,24,4,0,20
1786902666,5,5,1,4,0,20,24,4,0,20
1786902683,5,5,1,4,0,20,24,4,0,20
1786902701,5,5,1,4,0,20,24,4,0,20
1786902719,5,5,1,4,0,20,24,4,0,20
1786902737,5,5,1,4,0,20,24,4,0,20
1786902754,5,5,1,4,0,20,24,4,0,20
1786902772,5,5,1,4,0,20,24,4,0,20
1786902790,5,5,1,4,0,20,24,4,0,20
1786902808,5,5,1,4,0,20,24,4,0,20
1786902825,5,5,1,4,0,20,24,4,0,20
1786902843,5,5,1,4,0,20,24,4,0,20
1786902861,5,5,1,4,0,20,24,4,0,20
1786902878,5,5,1,4,0,20,24,4,0,20
1786906633,3,2,1,1,0,1,2,3,0,0
1786906650,3,2,1,1,0,1,2,3,0,0
1786906668,2,2,1,1,0,1,1,3,0,0
1786907128,2,2,1,1,0,4,2,2,0,0
1786907145,2,2,1,1,0,4,2,1,0,0
1786907163,2,2,1,1,0,4,2,1,0,0
1786907180,2,2,1,1,0,4,2,1,0,0
1786907197,2,2,1,1,0,4,2,1,0,0
1786907215,2,2,1,1,0,4,2,1,0,0
1786907232,2,2,1,1,0,4,2,2,0,0
1786907250,2,2,1,1,0,4,2,2,0,0
1786907267,2,2,1,1,0,4,2,2,0,0
1786907284,2,2,1,1,0,4,2,1,0,0
1786907302,2,2,1,1,0,4,2,3,0,0
1786907319,2,2,1,1,0,4,2,3,0,0
1786907336,2,2,1,1,0,4,2,2,0,0
1786907354,2,2,1,1,0,4,2,1,0,0
1786907371,2,2,1,1,0,4,2,3,0,0
1786907388,2,2,1,1,0,4,2,3,0,0
1786907406,2,2,1,1,0,4,2,2,0,1
1786907423,2,2,1,1,0,4,2,3,0,0
1786907441,2,2,1,1,0,4,2,3,0,0
1786907458,2,2,1,1,0,6,2,4,0,1
1786907475,2,2,1,1,0,6,2,4,0,1
1786907493,2,2,1,1,0,6,2,4,0,2
1786907510,2,2,1,1,0,6,2,2,0,2
1786907528,2,2,1,1,0,6,2,2,0,2
1786907545,2,2,1,1,0,6,2,2,0,2
1786907563,2,2,1,1,0,6,2,4,0,2
1786907580,2,2,1,1,0,6,2,7,0,2
1786907598,2,2,1,1,0,6,2,7,0,2
1786907615,2,2,1,1,0,6,2,5,0,2
1786907633,2,2,1,1,0,6,2,8,0,3
1786907650,3,2,1,1,0,6,2,8,0,3
1786907668,3,3,1,2,0,6,2,9,0,2
1786907685,3,3,1,2,0,6,2,9,0,2
1786907703,3,3,1,2,0,6,2,7,0,2
1786907720,3,3,1,2,0,6,2,6,0,2
1786907738,3,3,1,2,0,2,1,2,0,19
1786907755,5,3,1,2,0,2,1,2,0,28
1786907773,5,5,1,4,2,4,1,2,0,27
1786907791,5,5,1,4,0,11,1,4,0,20
1786907808,5,5,1,4,0,14,1,4,0,24
1786907826,5,5,1,4,0,14,1,4,0,24
1786907844,5,5,1,4,0,15,1,4,0,25
1786907861,5,5,1,4,0,15,1,4,0,25
1786907879,5,5,1,4,0,15,1,4,0,25
1786907897,5,5,1,4,0,15,1,4,0,25
1786907914,5,5,1,4,0,15,1,4,0,25
1786907932,5,5,1,4,0,15,1,4,0,24
1786907950,5,5,1,4,3,1,1,3,0,40
1786907967,5,5,1,4,1,4,1,3,0,37
1786907985,5,5,1,4,0,17,1,3,0,25
1786908002,5,5,1,4,0,18,1,3,0,24
1786908020,5,5,1,4,0,18,1,3,0,24
1786908037,5,5,1,4,0,18,1,3,0,24
1786908055,5,5,1,4,0,18,1,3,0,20
1786908073,5,5,1,4,1,9,1,3,0,16
1786908090,5,5,1,4,2,6,1,3,0,12
1786908108,5,5,1,4,2,3,1,3,0,9
1786908125,5,5,1,4,2,2,1,3,0,9
1786908143,5,5,1,4,2,2,1,3,0,9
1786908160,5,5,1,4,2,2,1,3,0,9
1786908178,5,5,1,4,2,2,1,3,0,9
1786908195,5,5,1,4,2,2,1,3,0,9
1786908213,5,5,1,4,2,2,1,3,0,9
1786908230,5,5,1,4,2,2,1,3,0,9
1786908248,5,5,1,4,2,2,1,3,0,9
1786908265,5,5,1,4,2,2,1,3,0,9
1786908283,5,5,1,4,2,2,1,3,0,6
1786908301,5,5,1,4,0,3,3,6,0,1
1786933723,2,2,1,1,0,5,3,1,0,0
1786933741,3,2,1,1,0,5,3,1,0,2
1786933758,4,2,1,1,0,5,3,2,0,4
1786933776,4,3,1,2,0,7,6,2,0,1
1786933793,4,4,1,3,0,9,6,2,0,0
1786933811,4,4,1,3,0,9,6,2,0,0
1786933829,4,4,1,3,0,9,6,2,0,0
1786933846,4,4,1,3,0,9,6,2,0,0
1786933864,4,4,1,3,0,9,6,2,0,0
1786933881,4,4,1,3,0,9,6,2,0,0
1786933899,4,4,1,3,0,9,6,2,0,0
1786933916,4,4,1,3,0,9,6,2,0,0
1786933934,4,4,1,3,0,9,6,2,0,0
1786933951,4,4,1,3,0,9,6,2,0,0
1786933969,4,4,1,3,0,9,6,2,0,0
1786933986,4,4,1,3,0,9,6,2,0,0
1786934004,4,4,1,3,0,9,6,2,0,0
1786934021,4,4,1,3,0,9,6,2,0,0
1786934039,4,4,1,3,0,9,6,2,0,0
1786934056,4,4,1,3,0,9,6,2,0,0
1786934074,4,4,1,3,0,1,6,3,0,1
1786934091,4,4,1,3,0,1,1,2,0,0
1786934109,4,4,1,3,0,1,1,1,0,0
1786934126,4,4,1,3,0,1,1,1,0,2
1786934144,2,2,1,1,0,1,1,1,0,0
